Model,Accuracy,Precision,Recall,F1
Logistic Regression,0.5836400393966098,0.041324435318275156,0.36425339366515835,0.07422775472568004
Random Forest,0.9519465035508786,0.10909090909090909,0.006787330316742082,0.012779552715654952
XGBoost,0.7877248457830076,0.07425086184036064,0.3167420814479638,0.12030075187969924
CatBoost,0.8781296977865326,0.08252703471826978,0.16402714932126697,0.10980689132904203
